"","Module","Name","P_D","CLASS","b_mass","MStem","Flength","c","z","Main.Class","order","Biog"
"267",68,"Alouatta guariba","D","MAMMAL",6549.004167,NA,NA,0,0,"MXDE","Primates","Neotropics"
"72",18,"Alouatta palliata","D","MAMMAL",7274.95,NA,NA,0,-0.341230649509073,"MDE","Primates","Neotropics"
"263",66,"Alouatta seniculus","D","MAMMAL",6145.539,NA,NA,0,0,"MXDE","Primates","Neotropics"
"242",61,"Amazona aestiva","D","BIRDS",451,NA,NA,0.666666666666667,0,"BDE","Psittaciformes","Neotropics"
"255",62,"Amazona amazonica","D","BIRDS",370,NA,NA,0,0,"BDE","Psittaciformes","Neotropics"
"268",68,"Amazona brasiliensis","D","BIRDS",327.37,NA,NA,0,0,"MXDE","Psittaciformes","Neotropics"
"217",58,"Amazona farinosa","D","BIRDS",625.99,NA,NA,0,0,"MXDE","Psittaciformes","Neotropics"
"243",61,"Amazona ochrocephala","D","BIRDS",476.94,NA,NA,0.5,0,"BDE","Psittaciformes","Neotropics"
"244",61,"Amazona ventralis","D","BIRDS",214,NA,NA,0,0,"BDE","Psittaciformes","Neotropics"
"131",36,"Anodorhynchus glauca","D","BIRDS",1331,NA,NA,0,NA,"BDE","Psittaciformes","Neotropics"
"100",23,"Anodorhynchus hyacinthinus","D","BIRDS",1331,NA,NA,0.777777777777778,NA,"BDE","Psittaciformes","Neotropics"
"218",58,"Aotus brumbacki","D","MAMMAL",800,NA,NA,0,0,"MXDE","Primates","Neotropics"
"136",39,"Ara ararauna","D","BIRDS",1125,NA,NA,0.857142857142857,0,"MXDE","Psittaciformes","Neotropics"
"108",26,"Ara chloropterus","D","BIRDS",1214,NA,NA,0,0,"MXDE","Psittaciformes","Neotropics"
"2",2,"Ara glaucogularis","D","BIRDS",783.99,NA,NA,0.5,0,"MDE","Psittaciformes","Neotropics"
"219",58,"Ara militaris","D","BIRDS",1134,NA,NA,0,0,"MXDE","Psittaciformes","Neotropics"
"191",48,"Ara severus","D","BIRDS",343,NA,NA,0,0,"BDE","Psittaciformes","Neotropics"
"257",63,"Aratinga euops","D","BIRDS",139.26,NA,NA,0,NA,"BDE","Psittaciformes","Neotropics"
"156",46,"Artibeus lituratus","D","MAMMAL",60.53533333,NA,NA,0,0,"BDE","Chiroptera","Neotropics"
"29",11,"Ateles belzebuth","D","MAMMAL",5000,NA,NA,0.722222222222222,0.866025403784439,"MDE","Primates","Neotropics"
"117",30,"Ateles chamek","D","MAMMAL",5999.983,NA,NA,0.75,0,"MXDE","Primates","Neotropics"
"73",18,"Ateles geoffroyi","D","MAMMAL",5284.939,NA,NA,0.448979591836735,1.70615324754536,"MDE","Primates","Neotropics"
"109",26,"Ateles paniscus","D","MAMMAL",7900.053,NA,NA,0.5,0,"MXDE","Primates","Neotropics"
"10",4,"Ateuchus squalidus","D","COLEOPTERA",NA,NA,NA,0,0,"MDE","Coleoptera","Neotropics"
"157",46,"Baryphthengus ruficapillus","D","BIRDS",141.65,NA,NA,0,0,"BDE","Coraciiformes","Neotropics"
"74",18,"Bassaricyon gabbii","D","MAMMAL",1250,NA,NA,0,-1.02369194852722,"MDE","Carnivora","Neotropics"
"260",65,"Bombycilla cedrorum","D","BIRDS",31.58,NA,NA,0,0,"MXDE","Passeriformes","Neotropics"
"3",2,"Bos primigenius","D","MAMMAL",750000,NA,NA,0,0,"MDE","Artiodactyla","Neotropics"
"18",8,"Brotogeris chiriri","D","BIRDS",61.6,NA,NA,0.75,0,"BDE","Psittaciformes","Neotropics"
"269",68,"Brotogeris tirica","D","BIRDS",63,NA,NA,0.5,0,"MXDE","Psittaciformes","Neotropics"
"245",61,"Brotogeris versicolurus","D","BIRDS",71.53,NA,NA,0,0,"BDE","Psittaciformes","Neotropics"
"197",52,"Brycon ","D","FISH",NA,NA,NA,0.5,0,"MXDE","Characiformes","Neotropics"
"122",32,"Brycon amazonicus","D","FISH",NA,NA,NA,0.75,0,"FDE","Characiformes","Neotropics"
"201",54,"Brycon bicolor","D","FISH",NA,NA,NA,0.666666666666667,0,"MXDE","Characiformes","Neotropics"
"124",33,"Brycon falcatus","D","FISH",NA,NA,NA,0.5,0,"FDE","Characiformes","Neotropics"
"38",15,"Brycon hilarii","D","FISH",NA,NA,NA,0,0,"FDE","Characiformes","Neotropics"
"120",31,"Brycon melanopterus","D","FISH",NA,NA,NA,0.8,0,"FDE","Characiformes","Neotropics"
"204",55,"Cacajao melanocephalus","D","MAMMAL",3100,NA,NA,0,0,"MXDE","Primates","Neotropics"
"220",58,"Callicebus ornatus","D","MAMMAL",992.6139231,NA,NA,0,0,"MXDE","Primates","Neotropics"
"155",45,"Callicebus torquatus","D","MAMMAL",1050.002,NA,NA,0.75,NA,"MDE","Primates","Neotropics"
"270",68,"Callithrix penicillata","D","MAMMAL",342.003,NA,NA,0,0,"MXDE","Primates","Neotropics"
"75",18,"Caluromys derbianus","D","MAMMAL",297.002,NA,NA,0,-1.02369194852722,"MDE","Didelphimorphia","Neotropics"
"91",20,"Caluromys philander","D","MAMMAL",229.25,NA,NA,0,0,"MDE","Didelphimorphia","Neotropics"
"258",64,"Canis latrans","D","MAMMAL",13406.333,NA,NA,0.5,0,"MDE","Carnivora","Neotropics"
"154",44,"Caracara plancus","D","BIRDS",1078.62,NA,NA,0.666666666666667,NA,"BDE","Falconiformes","Neotropics"
"158",46,"Carpornis cucullata","D","BIRDS",74.19,NA,NA,0,0,"BDE","Passeriformes","Neotropics"
"76",18,"Cebus capucinus","D","MAMMAL",2733.317,NA,NA,0,1.02369194852722,"MDE","Primates","Neotropics"
"221",58,"Cebus kaapori","D","MAMMAL",2615.57325,NA,NA,0,0,"MXDE","Primates","Neotropics"
"159",46,"Celeus flavescens","D","BIRDS",139,NA,NA,0,0,"BDE","Piciformes","Neotropics"
"128",34,"Cephalopterus penduliger","D","BIRDS",338,NA,NA,0.5,NA,"BDE","Passeriformes","Neotropics"
"129",35,"Cerdocyon thous","D","MAMMAL",5239.984,NA,NA,0.8,0,"MDE","Carnivora","Neotropics"
"11",4,"Cerradomys subflavus","D","MAMMAL",50,NA,NA,0,0,"MDE","Rodentia","Neotropics"
"150",42,"Chelonoidis carbonaria","D","REPTILES",NA,NA,NA,0.5,0,"RDE","Testudines","Neotropics"
"151",42,"Chelonoidis denticulata","D","REPTILES",NA,NA,NA,0.666666666666667,0,"RDE","Testudines","Neotropics"
"195",50,"Chiroxiphia caudata","D","BIRDS",25.6,NA,NA,0,NA,"BDE","Passeriformes","Neotropics"
"15",5,"Chrysocyon brachyurus","D","MAMMAL",23249.842,NA,NA,0.72,NA,"MDE","Carnivora","Neotropics"
"101",24,"Clyomys bishopi","D","MAMMAL",30,NA,NA,0,0,"MDE","Rodentia","Neotropics"
"113",27,"Coendou prehensilis","D","MAMMAL",4399.973,NA,NA,0.666666666666667,NA,"MDE","Rodentia","Neotropics"
"271",68,"Coereba flaveola","D","BIRDS",10.01,NA,NA,0,0,"MXDE","Passeriformes","Neotropics"
"39",15,"Colossoma bidens","D","FISH",NA,NA,NA,0,0,"FDE","Characiformes","Neotropics"
"116",29,"Colossoma macropomum","D","FISH",NA,NA,NA,0.73469387755102,NA,"FDE","Characiformes","Neotropics"
"148",41,"Crax daubentoni","D","BIRDS",2499.91,NA,NA,0,0,"BDE","Galliformes","Neotropics"
"132",37,"Crax rubra","D","BIRDS",4133,NA,NA,0,0,"BDE","Galliformes","Neotropics"
"77",18,"Cuniculus paca","D","MAMMAL",8000,NA,NA,0.890625,1.02369194852722,"MDE","Rodentia","Neotropics"
"222",58,"Cyanocorax affinis","D","BIRDS",212,NA,NA,0,0,"MXDE","Passeriformes","Neotropics"
"272",68,"Cyanocorax caeruleus","D","BIRDS",272,NA,NA,0.5,0,"MXDE","Passeriformes","Neotropics"
"205",55,"Cyanocorax cristatellus","D","BIRDS",178,NA,NA,0,0,"MXDE","Passeriformes","Neotropics"
"4",2,"Cyanocorax cyanopogon","D","BIRDS",146,NA,NA,0,0,"MDE","Passeriformes","Neotropics"
"160",46,"Cyclarhis gujanensis","D","BIRDS",28.8,NA,NA,0,0,"BDE","Passeriformes","Neotropics"
"161",46,"Dacnis cayana","D","BIRDS",13,NA,NA,0,0,"BDE","Passeriformes","Neotropics"
"102",24,"Dasyprocta azarae","D","MAMMAL",2309.989,NA,NA,0.833333333333333,0,"MDE","Rodentia","Neotropics"
"17",7,"Dasyprocta fuliginosa","D","MAMMAL",3500.016,NA,NA,0.777777777777778,NA,"MDE","Rodentia","Neotropics"
"26",10,"Dasyprocta leporina","D","MAMMAL",3020.021,NA,NA,0.875739644970414,0.577350269189626,"MDE","Rodentia","Neotropics"
"114",28,"Dasyprocta prymnolopha","D","MAMMAL",2900.013,NA,NA,0.5,-0.707106781186547,"MDE","Rodentia","Neotropics"
"78",18,"Dasyprocta punctata","D","MAMMAL",2674.977,NA,NA,0.804733727810651,1.70615324754536,"MDE","Rodentia","Neotropics"
"23",9,"Dasypus novemcinctus","D","MAMMAL",4203.78,NA,NA,0.5,0,"MDE","Cingulata","Neotropics"
"246",61,"Dendrocygna arborea","D","BIRDS",1150,NA,NA,0,0,"BDE","Anseriformes","Neotropics"
"247",61,"Dendrocygna bicolor","D","BIRDS",756.37,NA,NA,0,0,"BDE","Anseriformes","Neotropics"
"239",59,"Dermanura watsoni","D","MAMMAL",50.3274375,NA,NA,0.73469387755102,NA,"MDE","Chiroptera","Neotropics"
"90",19,"Deroptyus accipitrinus","D","BIRDS",246,NA,NA,0.5,NA,"BDE","Psittaciformes","Neotropics"
"103",25,"Didelphis albiventris","D","MAMMAL",904.003,NA,NA,0.666666666666667,0,"MDE","Didelphimorphia","Neotropics"
"24",9,"Didelphis aurita","D","MAMMAL",1163.992,NA,NA,0.666666666666667,0,"MDE","Didelphimorphia","Neotropics"
"79",18,"Didelphis marsupialis","D","MAMMAL",1091.164,NA,NA,0.777777777777778,-0.341230649509073,"MDE","Didelphimorphia","Neotropics"
"223",58,"Eira barbara","D","MAMMAL",3910.029,NA,NA,0.666666666666667,0,"MXDE","Carnivora","Neotropics"
"188",47,"Electrophorus electricus","D","FISH",NA,NA,NA,0,0,"BDE","Gymnotiformes","Neotropics"
"162",46,"Euphonia pectoralis","D","BIRDS",14.4,NA,NA,0,0,"BDE","Passeriformes","Neotropics"
"273",68,"Euphonia violacea","D","BIRDS",15,NA,NA,0.5,0,"MXDE","Passeriformes","Neotropics"
"5",2,"Euphractus sexcinctus","D","MAMMAL",4782.886,NA,NA,0,0,"MDE","Cingulata","Neotropics"
"274",68,"Euryoryzomys russatus","D","MAMMAL",60.501,NA,NA,0,0,"MXDE","Rodentia","Neotropics"
"56",16,"Geochelone denticulata","D","REPTILES",NA,NA,NA,0.5,-0.957427107756338,"MDE","Testudines","Neotropics"
"206",55,"Gnorimopsar chopi","D","BIRDS",65.9,NA,NA,0,0,"MXDE","Passeriformes","Neotropics"
"68",17,"Handleyomys alfaroi","D","MAMMAL",33.3,NA,NA,0,0,"MDE","Rodentia","Neotropics"
"207",55,"Heteromys anomalus","D","MAMMAL",70,NA,NA,0,0,"MXDE","Rodentia","Neotropics"
"99",22,"Heteromys desmarestianus","D","MAMMAL",72.5,NA,NA,0.56,NA,"MDE","Rodentia","Neotropics"
"104",25,"Hylaeamys megacephalus","D","MAMMAL",57.8,NA,NA,0,0,"MDE","Rodentia","Neotropics"
"105",25,"Hylaeamys oniscus","D","MAMMAL",60.501,NA,NA,0.5,0,"MDE","Rodentia","Neotropics"
"264",66,"Lagothrix lagotricha","D","MAMMAL",6299.992,NA,NA,0.5,0,"MXDE","Primates","Neotropics"
"275",68,"Leontopithecus chrysopygus","D","MAMMAL",700.003,NA,NA,0,0,"MXDE","Primates","Neotropics"
"224",58,"Leopardus pardalis","D","MAMMAL",11900.083,NA,NA,0,0,"MXDE","Carnivora","Neotropics"
"40",15,"Leporinus friederici","D","FISH",NA,NA,NA,0,0,"FDE","Characiformes","Neotropics"
"41",15,"Leptorinus ","D","FISH",NA,NA,NA,0,0,"FDE","Characiformes","Neotropics"
"6",2,"Liomys salvini","D","MAMMAL",42,NA,NA,0,0,"MDE","Rodentia","Neotropics"
"163",46,"Lipaugus lanioides","D","BIRDS",94.8,NA,NA,0,0,"BDE","Passeriformes","Neotropics"
"189",47,"Lithodoras dorsalis","D","FISH",NA,NA,NA,0.75,0,"BDE","Siluriformes","Neotropics"
"240",60,"Loxigilla noctis","D","BIRDS",16.63,NA,NA,0,0,"BDE","Passeriformes","Neotropics"
"138",40,"Lycalopex gymnocercus","D","MAMMAL",4689.969,NA,NA,0,0,"MXDE","Carnivora","Neotropics"
"30",11,"Makalata didelphoides","D","MAMMAL",400,NA,NA,0,-0.866025403784439,"MDE","Rodentia","Neotropics"
"198",52,"Manacus manacus","D","BIRDS",16.7,NA,NA,0.5,0,"MXDE","Passeriformes","Neotropics"
"248",61,"Margarops fuscatus","D","BIRDS",98.43,NA,NA,0,0,"BDE","Passeriformes","Neotropics"
"225",58,"Marmosa robinsoni","D","MAMMAL",56.667,NA,NA,0,0,"MXDE","Didelphimorphia","Neotropics"
"93",21,"Mazama americana","D","MAMMAL",22799.746,NA,NA,0.816326530612245,-0.408248290463863,"MDE","Artiodactyla","Neotropics"
"94",21,"Mazama gouazoubira","D","MAMMAL",16300.09,NA,NA,0.777777777777778,-0.408248290463863,"MDE","Artiodactyla","Neotropics"
"190",47,"Megalechis thoracata","D","FISH",NA,NA,NA,0,0,"BDE","Siluriformes","Neotropics"
"42",15,"Megalodoras uranoscopus","D","FISH",NA,NA,NA,0,0,"FDE","Siluriformes","Neotropics"
"208",55,"Melanerpes candidus","D","BIRDS",108,NA,NA,0,0,"MXDE","Piciformes","Neotropics"
"249",61,"Melanerpes portoricensis","D","BIRDS",59.86,NA,NA,0,0,"BDE","Piciformes","Neotropics"
"25",9,"Metachirus nudicaudatus","D","MAMMAL",375,NA,NA,0.5,0,"MDE","Didelphimorphia","Neotropics"
"43",15,"Metynnis ","D","FISH",NA,NA,NA,0,0,"FDE","Characiformes","Neotropics"
"226",58,"Microsciurus mimulus","D","MAMMAL",120,NA,NA,0,0,"MXDE","Rodentia","Neotropics"
"284",69,"Mimus polyglottos","D","BIRDS",48.5,NA,NA,0.5,NA,"BDE","Passeriformes","Neotropics"
"106",25,"Monodelphis americana","D","MAMMAL",19.5,NA,NA,0,0,"MDE","Didelphimorphia","Neotropics"
"164",46,"Myiodynastes maculatus","D","BIRDS",43.2,NA,NA,0,0,"BDE","Passeriformes","Neotropics"
"139",40,"Myiopsitta monachus","D","BIRDS",120,NA,NA,0.666666666666667,0,"MXDE","Psittaciformes","Neotropics"
"44",15,"Myleus ","D","FISH",NA,NA,NA,0,0,"FDE","Characiformes","Neotropics"
"215",57,"Myleus rhomboidalis","D","FISH",NA,NA,NA,0.666666666666667,0,"MXDE","Characiformes","Neotropics"
"199",52,"Myloplus ","D","FISH",NA,NA,NA,0,0,"MXDE","Characiformes","Neotropics"
"213",56,"Myloplus asterias","D","FISH",NA,NA,NA,0.5,0,"FDE","Characiformes","Neotropics"
"214",56,"Myloplus rubripinnis","D","FISH",NA,NA,NA,0.5,0,"FDE","Characiformes","Neotropics"
"125",33,"Myloplus torquatus","D","FISH",NA,NA,NA,0.5,0,"FDE","Characiformes","Neotropics"
"27",10,"Myoprocta acouchy","D","MAMMAL",599.998,NA,NA,0.375,0.577350269189626,"MDE","Rodentia","Neotropics"
"110",26,"Myoprocta pratti","D","MAMMAL",599.998,NA,NA,0,0,"MXDE","Rodentia","Neotropics"
"140",40,"Nandayus nenday","D","BIRDS",128,NA,NA,0.5,0,"MXDE","Psittaciformes","Neotropics"
"80",18,"Nasua narica","D","MAMMAL",4030.046,NA,NA,0,0.341230649509073,"MDE","Carnivora","Neotropics"
"107",25,"Nasua nasua","D","MAMMAL",3793.849,NA,NA,0.8,0,"MDE","Carnivora","Neotropics"
"7",2,"Nectomys squamipes","D","MAMMAL",190.748,NA,NA,0,0,"MDE","Rodentia","Neotropics"
"135",38,"Odocoileus virginianus","D","MAMMAL",55508.565,NA,NA,0.8,NA,"MDE","Artiodactyla","Neotropics"
"141",40,"Ortalis canicollis","D","BIRDS",539,NA,NA,0,0,"MXDE","Galliformes","Neotropics"
"276",68,"Ortalis guttata","D","BIRDS",547.72,NA,NA,0.5,0,"MXDE","Galliformes","Neotropics"
"149",41,"Ortalis ruficauda","D","BIRDS",586.24,NA,NA,0,0,"BDE","Galliformes","Neotropics"
"133",37,"Ortalis vetula","D","BIRDS",562.6,NA,NA,0.375,0,"BDE","Galliformes","Neotropics"
"165",46,"Orthogonys chloricterus","D","BIRDS",40,NA,NA,0,0,"BDE","Passeriformes","Neotropics"
"256",62,"Orthopsittaca manilata","D","BIRDS",372,NA,NA,0.5,0,"BDE","Psittaciformes","Neotropics"
"45",15,"Oxydoras niger","D","FISH",NA,NA,NA,0,0,"FDE","Siluriformes","Neotropics"
"31",11,"Oxysternon festivum","D","COLEOPTERA",NA,NA,NA,0,-0.866025403784439,"MDE","Coleoptera","Neotropics"
"277",68,"Parula pitiayumi","D","BIRDS",6.82,NA,NA,0,0,"MXDE","Passeriformes","Neotropics"
"250",61,"Patagioenas inornata","D","BIRDS",365,NA,NA,0,0,"BDE","Columbiformes","Neotropics"
"1",1,"Patagioenas leucocephala","D","BIRDS",240.14,NA,NA,0.5,NA,"BDE","Columbiformes","Neotropics"
"251",61,"Patagioenas squamosa","D","BIRDS",312,NA,NA,0,0,"BDE","Columbiformes","Neotropics"
"46",15,"Paulicea lutkeni","D","FISH",NA,NA,NA,0,0,"FDE","Siluriformes","Neotropics"
"34",13,"Pecari tajacu","D","MAMMAL",21266.695,NA,NA,0.90359168241966,0.577350269189626,"MXDE","Artiodactyla","Neotropics"
"202",54,"Peltocephalus dumerilianus","D","REPTILES",NA,NA,NA,0.5,0,"MXDE","Testudines","Neotropics"
"227",58,"Penelope jacquacu","D","BIRDS",1487.9,NA,NA,0,0,"MXDE","Galliformes","Neotropics"
"200",53,"Penelope marail","D","BIRDS",879.67,NA,NA,0.666666666666667,NA,"BDE","Galliformes","Neotropics"
"278",68,"Penelope obscura","D","BIRDS",1770,NA,NA,0.5,0,"MXDE","Galliformes","Neotropics"
"134",37,"Penelope purpurascens","D","BIRDS",2060,NA,NA,0.375,0,"BDE","Galliformes","Neotropics"
"279",68,"Penelope superciliaris","D","BIRDS",894.99,NA,NA,0,0,"MXDE","Galliformes","Neotropics"
"228",58,"Perissocephalus tricolor","D","BIRDS",338.88,NA,NA,0,0,"MXDE","Passeriformes","Neotropics"
"69",17,"Peromyscus mexicanus","D","MAMMAL",32.6,NA,NA,0,0,"MDE","Rodentia","Neotropics"
"12",4,"Philander frenatus","D","MAMMAL",455.248,NA,NA,0,0,"MDE","Didelphimorphia","Neotropics"
"92",20,"Philander opossum","D","MAMMAL",585.499,NA,NA,0.75,0,"MDE","Didelphimorphia","Neotropics"
"47",15,"Phractocephalus hemiliopterus","D","FISH",NA,NA,NA,0,0,"FDE","Siluriformes","Neotropics"
"123",32,"Piaractus brachypomus","D","FISH",NA,NA,NA,0.888888888888889,0,"FDE","Characiformes","Neotropics"
"121",31,"Piaractus mesopotamicus","D","FISH",NA,NA,NA,0.75,0,"FDE","Characiformes","Neotropics"
"48",15,"Pimelodella ","D","FISH",NA,NA,NA,0,0,"FDE","Siluriformes","Neotropics"
"142",40,"Pimelodus maculatus","D","FISH",NA,NA,NA,0,0,"MXDE","Siluriformes","Neotropics"
"229",58,"Pionites leucogaster","D","BIRDS",155,NA,NA,0,0,"MXDE","Psittaciformes","Neotropics"
"192",48,"Pionites melanocephalus","D","BIRDS",148.78,NA,NA,0.666666666666667,0,"BDE","Psittaciformes","Neotropics"
"230",58,"Pionus fuscus","D","BIRDS",206,NA,NA,0,0,"MXDE","Psittaciformes","Neotropics"
"111",26,"Pionus maximiliani","D","BIRDS",293,NA,NA,0.5,0,"MXDE","Psittaciformes","Neotropics"
"166",46,"Pipile cujubi","D","BIRDS",1195.82,NA,NA,0,0,"BDE","Cracidae","Neotropics"
"167",46,"Pipile jacutinga","D","BIRDS",1240.96,NA,NA,0,0,"BDE","Cracidae","Neotropics"
"19",8,"Pitangus sulphuratus","D","BIRDS",62.85,NA,NA,0.5,0,"BDE","Passeriformes","Neotropics"
"231",58,"Pithecia albicans","D","MAMMAL",2800.013,NA,NA,0,0,"MXDE","Primates","Neotropics"
"168",46,"Ploceus cucullatus","D","BIRDS",36.08,NA,NA,0,0,"BDE","Passeriformes","Neotropics"
"203",54,"Podocnemis expansa","D","REPTILES",NA,NA,NA,0,0,"MXDE","Testudines","Neotropics"
"81",18,"Potamocarcinus richmondi","D","MALACOSTRACA",NA,NA,NA,0,-1.02369194852722,"MDE","Decapoda","Neotropics"
"82",18,"Potos flavus","D","MAMMAL",3000,NA,NA,0.48,0.341230649509073,"MDE","Carnivora","Neotropics"
"143",40,"Primolius auricollis","D","BIRDS",245,NA,NA,0,0,"MXDE","Psittaciformes","Neotropics"
"232",58,"Priodontes maximus","D","MAMMAL",45359.682,NA,NA,0,0,"MXDE","Cingulata","Neotropics"
"169",46,"Procnias nudicollis","D","BIRDS",172.04,NA,NA,0,0,"BDE","Passeriformes","Neotropics"
"130",35,"Procyon cancrivorus","D","MAMMAL",6949.923,NA,NA,0.75,0,"MDE","Carnivora","Neotropics"
"259",64,"Procyon lotor","D","MAMMAL",4724.9615,NA,NA,0.666666666666667,0,"MDE","Carnivora","Neotropics"
"57",16,"Proechimys brevicauda","D","MAMMAL",284.997,NA,NA,0,0.957427107756338,"MDE","Rodentia","Neotropics"
"58",16,"Proechimys cuvieri","D","MAMMAL",329.997,NA,NA,0.444444444444444,0.957427107756338,"MDE","Rodentia","Neotropics"
"28",10,"Proechimys guyannensis","D","MAMMAL",316.002,NA,NA,0,-1.15470053837925,"MDE","Rodentia","Neotropics"
"59",16,"Proechimys longicaudatus","D","MAMMAL",204.998,NA,NA,0,0.957427107756338,"MDE","Rodentia","Neotropics"
"60",16,"Proechimys pattoni","D","MAMMAL",290.54745,NA,NA,0,0.957427107756338,"MDE","Rodentia","Neotropics"
"83",18,"Proechimys semispinosus","D","MAMMAL",284.997,NA,NA,0,0.341230649509073,"MDE","Rodentia","Neotropics"
"61",16,"Proechimys simonsi","D","MAMMAL",284.997,NA,NA,0,0.957427107756338,"MDE","Rodentia","Neotropics"
"62",16,"Proechimys steerei","D","MAMMAL",284.997,NA,NA,0,0.957427107756338,"MDE","Rodentia","Neotropics"
"233",58,"Proechymis ","D","MAMMAL",NA,NA,NA,0,0,"MXDE","Rodentia","Neotropics"
"118",30,"Psarocolius montezuma","D","BIRDS",309.87,NA,NA,0,0,"MXDE","Passeriformes","Neotropics"
"196",51,"Psophia crepitans","D","BIRDS",1026,NA,NA,0,NA,"BDE","Gruiformes","Neotropics"
"234",58,"Psophia leucoptera","D","BIRDS",1315.58,NA,NA,0,0,"MXDE","Gruiformes","Neotropics"
"49",15,"Pterodoras granulosus","D","FISH",NA,NA,NA,0.5,0,"FDE","Siluriformes","Neotropics"
"235",58,"Pteroglossus aracari","D","BIRDS",250.16,NA,NA,0,0,"MXDE","Piciformes","Neotropics"
"170",46,"Pteroglossus bailloni","D","BIRDS",146,NA,NA,0,0,"BDE","Piciformes","Neotropics"
"236",58,"Pteroglossus viridis","D","BIRDS",135,NA,NA,0,0,"MXDE","Piciformes","Neotropics"
"280",68,"Pteropus conspicillatus","D","MAMMAL",775.7,NA,NA,0,0,"MXDE","Chiroptera","Neotropics"
"144",40,"Puma concolor","D","MAMMAL",51600.035,NA,NA,0,0,"MXDE","Carnivora","Neotropics"
"171",46,"Pyroderus scutatus","D","BIRDS",357,NA,NA,0,0,"BDE","Passeriformes","Neotropics"
"172",46,"Pyrrhura frontalis","D","BIRDS",72,NA,NA,0,0,"BDE","Psittaciformes","Neotropics"
"237",58,"Ramphastos cuvieri","D","BIRDS",651.68,NA,NA,0,0,"MXDE","Piciformes","Neotropics"
"281",68,"Ramphastos dicolorus","D","BIRDS",331,NA,NA,0.5,0,"MXDE","Piciformes","Neotropics"
"33",12,"Ramphastos sulfuratus","D","BIRDS",409.69,NA,NA,0.5,NA,"BDE","Piciformes","Neotropics"
"84",18,"Ramphastos swainsonii","D","BIRDS",651.68,NA,NA,0,-1.02369194852722,"MDE","Piciformes","Neotropics"
"173",46,"Ramphastos toco","D","BIRDS",617.99,NA,NA,0,0,"BDE","Piciformes","Neotropics"
"265",66,"Ramphastos tucanus","D","BIRDS",659.58,NA,NA,0.5,0,"MXDE","Piciformes","Neotropics"
"282",68,"Ramphastos vitellinus","D","BIRDS",360.36,NA,NA,0.5,0,"MXDE","Piciformes","Neotropics"
"283",68,"Ramphocelus bresilius","D","BIRDS",32.9,NA,NA,0,0,"MXDE","Passeriformes","Neotropics"
"50",15,"Rhamdia schomburgkii","D","FISH",NA,NA,NA,0,0,"FDE","Siluriformes","Neotropics"
"145",40,"Rhea americana","D","BIRDS",23000,NA,NA,0,0,"MXDE","Rheiformes","Neotropics"
"216",57,"Rhinemys rufipes","D","REPTILES",NA,NA,NA,0.8,0,"MXDE","Testudines","Neotropics"
"63",16,"Rhinoclemys punctularia","D","REPTILES",NA,NA,NA,0,-0.957427107756338,"MDE","Testudines","Neotropics"
"37",14,"Rupicola rupicola","D","BIRDS",194.56,NA,NA,0.666666666666667,NA,"BDE","Passeriformes","Neotropics"
"85",18,"Saguinus geoffroyi","D","MAMMAL",486.497,NA,NA,0,-1.02369194852722,"MDE","Primates","Neotropics"
"112",26,"Saimiri boliviensis","D","MAMMAL",615.007,NA,NA,0,0,"MXDE","Primates","Neotropics"
"95",21,"Saimiri sciureus","D","MAMMAL",743.242,NA,NA,0.625,-0.408248290463863,"MDE","Primates","Neotropics"
"241",60,"Saltator albicollis","D","BIRDS",41.33,NA,NA,0,0,"BDE","Passeriformes","Neotropics"
"20",8,"Saltator similis","D","BIRDS",43.3,NA,NA,0.5,0,"BDE","Passeriformes","Neotropics"
"35",13,"Salvator merianae","D","REPTILES",NA,NA,NA,0.666666666666667,-1.15470053837925,"MXDE","Passeriformes","Neotropics"
"96",21,"Sapajus apella","D","MAMMAL",2500,NA,NA,0.839506172839506,-0.408248290463863,"MDE","Primates","Neotropics"
"266",67,"Sapajus nigritus","D","MAMMAL",2615.57325,NA,NA,0.5,NA,"MDE","Primates","Neotropics"
"209",55,"Sarcoramphus papa","D","BIRDS",3400,NA,NA,0,0,"MXDE","Accipitriformes","Neotropics"
"210",55,"Schistochlamys melanopis","D","BIRDS",33,NA,NA,0,0,"MXDE","Passeriformes","Neotropics"
"64",16,"Sciurillus pusillus","D","MAMMAL",39,NA,NA,0,-0.957427107756338,"MDE","Rodentia","Neotropics"
"115",28,"Sciurus aestuans","D","MAMMAL",184.999,NA,NA,0.839506172839506,0.707106781186547,"MDE","Rodentia","Neotropics"
"70",17,"Sciurus aureogaster","D","MAMMAL",595.004,NA,NA,0,0,"MDE","Rodentia","Neotropics"
"71",17,"Sciurus deppei","D","MAMMAL",189.998,NA,NA,0,0,"MDE","Rodentia","Neotropics"
"86",18,"Sciurus granatensis","D","MAMMAL",250,NA,NA,0.612244897959184,1.02369194852722,"MDE","Rodentia","Neotropics"
"65",16,"Sciurus ignitus","D","MAMMAL",189.998,NA,NA,0,-0.957427107756338,"MDE","Rodentia","Neotropics"
"32",11,"Sciurus igniventris","D","MAMMAL",700.003,NA,NA,0.625,0.866025403784439,"MDE","Rodentia","Neotropics"
"16",6,"Sciurus ingrami","D","MAMMAL",NA,NA,NA,0.444444444444444,NA,"MDE","Rodentia","Neotropics"
"66",16,"Sciurus pyrrhinus","D","MAMMAL",482.003,NA,NA,0,-0.957427107756338,"MDE","Rodentia","Neotropics"
"67",16,"Sciurus sanborni","D","MAMMAL",136,NA,NA,0,-0.957427107756338,"MDE","Rodentia","Neotropics"
"97",21,"Sciurus spadiceus","D","MAMMAL",403.33,NA,NA,0.722222222222222,-0.408248290463863,"MDE","Rodentia","Neotropics"
"87",18,"Sciurus variegatoides","D","MAMMAL",484.998,NA,NA,0,-1.02369194852722,"MDE","Rodentia","Neotropics"
"137",39,"Sciurus variegatus","D","MAMMAL",NA,NA,NA,0.5,0,"MXDE","Rodentia","Neotropics"
"194",49,"Selenidera maculirostris","D","BIRDS",164,NA,NA,0.666666666666667,NA,"BDE","Piciformes","Neotropics"
"238",58,"Selenidera piperivora","D","BIRDS",147,NA,NA,0,0,"MXDE","Piciformes","Neotropics"
"51",15,"Semaprochilodus ","D","FISH",NA,NA,NA,0,0,"FDE","Characiformes","Neotropics"
"52",15,"Serrasalmus ","D","FISH",NA,NA,NA,0,0,"FDE","Characiformes","Neotropics"
"119",30,"Serrasalmus manueli","D","FISH",NA,NA,NA,0,0,"MXDE","Characiformes","Neotropics"
"53",15,"Serrasalmus rhombeus","D","FISH",NA,NA,NA,0,0,"FDE","Characiformes","Neotropics"
"211",55,"Sigmodon alstoni","D","MAMMAL",55.701,NA,NA,0,0,"MXDE","Rodentia","Neotropics"
"8",2,"Sigmodon hispidus","D","MAMMAL",92.383,NA,NA,0,0,"MDE","Rodentia","Neotropics"
"252",61,"Spindalis zena","D","BIRDS",25.36,NA,NA,0,0,"BDE","Passeriformes","Neotropics"
"193",48,"Steatornis caripensis","D","BIRDS",408,NA,NA,0.5,0,"BDE","Caprimulgiformes","Neotropics"
"174",46,"Tachyphonus coronatus","D","BIRDS",29.3,NA,NA,0,0,"BDE","Passeriformes","Neotropics"
"175",46,"Tangara cayana","D","BIRDS",18,NA,NA,0,0,"BDE","Passeriformes","Neotropics"
"176",46,"Tangara cyanocephala","D","BIRDS",18,NA,NA,0,0,"BDE","Passeriformes","Neotropics"
"177",46,"Tangara cyanoptera","D","BIRDS",21.53,NA,NA,0,0,"BDE","Passeriformes","Neotropics"
"178",46,"Tangara seledon","D","BIRDS",18.7,NA,NA,0,0,"BDE","Passeriformes","Neotropics"
"88",18,"Tapirus bairdii","D","MAMMAL",299999.133,NA,NA,0.666666666666667,0.341230649509073,"MDE","Perissodactyla","Neotropics"
"98",21,"Tapirus terrestris","D","MAMMAL",207500.907,NA,NA,0.875739644970414,2.04124145231932,"MDE","Perissodactyla","Neotropics"
"36",13,"Tayassu pecari","D","MAMMAL",32233.688,NA,NA,0.903047091412742,0.577350269189626,"MXDE","Artiodactyla","Neotropics"
"9",3,"Thraupis episcopus","D","BIRDS",35,NA,NA,0,NA,"BDE","Passeriformes","Neotropics"
"179",46,"Thraupis ornata","D","BIRDS",33,NA,NA,0,0,"BDE","Passeriformes","Neotropics"
"212",55,"Thraupis palmarum","D","BIRDS",39,NA,NA,0,0,"MXDE","Passeriformes","Neotropics"
"21",8,"Thraupis sayaca","D","BIRDS",32.49,NA,NA,0,0,"BDE","Passeriformes","Neotropics"
"180",46,"Tinamus solitarius","D","BIRDS",1386.41,NA,NA,0,0,"BDE","Tinamiformes","Neotropics"
"181",46,"Tityra cayana","D","BIRDS",68.1,NA,NA,0,0,"BDE","Passeriformes","Neotropics"
"54",15,"Tocantisia piresi","D","FISH",NA,NA,NA,0,0,"FDE","Siluriformes","Neotropics"
"146",40,"Tolypeutes matacus","D","MAMMAL",1199.997,NA,NA,0,0,"MXDE","Cingulata","Neotropics"
"182",46,"Triclaria malachitacea","D","BIRDS",90,NA,NA,0,0,"BDE","Psittaciformes","Neotropics"
"13",4,"Trinomys eliasi","D","MAMMAL",245.2174,NA,NA,0,0,"MDE","Rodentia","Neotropics"
"14",4,"Trinomys iheringi","D","MAMMAL",203.498,NA,NA,0,0,"MDE","Rodentia","Neotropics"
"55",15,"Triportheus ","D","FISH",NA,NA,NA,0,0,"FDE","Characiformes","Neotropics"
"126",33,"Triportheus angulatus","D","FISH",NA,NA,NA,0,0,"FDE","Characiformes","Neotropics"
"127",33,"Triportheus culter","D","FISH",NA,NA,NA,0,0,"FDE","Characiformes","Neotropics"
"183",46,"Trogon viridis","D","BIRDS",89.69,NA,NA,0,0,"BDE","Trogoniformes","Neotropics"
"152",43,"Tupinambis meriane","D","REPTILES",NA,NA,NA,0.875,0,"BDE","Squamata","Neotropics"
"184",46,"Turdus albicollis","D","BIRDS",54,NA,NA,0,0,"BDE","Passeriformes","Neotropics"
"185",46,"Turdus amaurochalinus","D","BIRDS",57.9,NA,NA,0,0,"BDE","Passeriformes","Neotropics"
"186",46,"Turdus flavipes","D","BIRDS",65.14,NA,NA,0,0,"BDE","Passeriformes","Neotropics"
"153",43,"Turdus leucomelas","D","BIRDS",69.1,NA,NA,0.666666666666667,0,"BDE","Passeriformes","Neotropics"
"261",65,"Turdus migratorius","D","BIRDS",78.5,NA,NA,0,0,"MXDE","Passeriformes","Neotropics"
"187",46,"Turdus nigriceps","D","BIRDS",52.7,NA,NA,0,0,"BDE","Passeriformes","Neotropics"
"253",61,"Turdus plumbeus","D","BIRDS",75.3,NA,NA,0,0,"BDE","Passeriformes","Neotropics"
"22",8,"Turdus rufiventris","D","BIRDS",69.44,NA,NA,0.666666666666667,0,"BDE","Passeriformes","Neotropics"
"254",61,"Tyrannus dominicensis","D","BIRDS",46.5,NA,NA,0,0,"BDE","Passeriformes","Neotropics"
"89",18,"Urocyon cinereoargenteus","D","MAMMAL",3833.717,NA,NA,0,-1.02369194852722,"MDE","Carnivora","Neotropics"
"262",65,"Ursus americanus","D","MAMMAL",99949.356,NA,NA,0,0,"MXDE","Carnivora","Neotropics"
"147",40,"Zenaida auriculata","D","BIRDS",110.2,NA,NA,0,0,"MXDE","Columbiformes","Neotropics"
